Symbol,Signal Date,Entry Date,Entry Price,Exit Date,Exit Price,Exit Reason,Equity at Entry,Allocation %,Allocation (INR),Invested (INR),Shares,Return %,PnL,Cumulative PnL,Equity,Peak Equity,Drawdown %
CHENNPETRO.NS,2026-02-27,2026-03-02,930.0,2026-03-12,883.5,Stop Loss,500000.0,10.0,50000.0,49290.0,53,-5.0,-2464.5,-2464.5,497535.5,497535.5,0.0
NETWEB.NS,2026-02-27,2026-03-02,3716.0,2026-03-04,3530.2,Stop Loss,497535.5,10.0,49753.55,48308.0,13,-5.0,-2415.4,-4879.9,495120.1,497535.5,-0.485472895903915
PETRONET.NS,2026-02-27,2026-03-02,315.0,2026-03-04,299.25,Stop Loss,495120.1,10.0,49512.01,49455.0,157,-5.0,-2472.75,-7352.65,492647.35,497535.5,-0.9824726074822848
POLYCAB.NS,2026-02-27,2026-03-02,8400.0,2026-03-10,7980.0,Stop Loss,492647.35,10.0,49264.74,42000.0,5,-5.0,-2100.0,-9452.65,490547.35,497535.5,-1.4045530419437453
SAILIFE.NS,2026-02-27,2026-03-02,992.5,2026-03-13,942.88,Stop Loss,490547.35,10.0,49054.74,48632.5,49,-5.0,-2431.62,-11884.27,488115.73,497535.5,-1.8932860067271617
CHENNPETRO.NS,2026-03-04,2026-03-05,1019.0,2026-03-09,968.05,Stop Loss,488115.73,10.0,48811.57,47893.0,47,-5.0,-2394.65,-14278.92,485721.08,497535.5,-2.37458834595722
COALINDIA.NS,2026-03-05,2026-03-06,451.15,2026-04-10,428.59,Stop Loss,485721.08,10.0,48572.11,48273.05,107,-5.0,-2413.65,-16692.57,483307.43,497535.5,-2.8597095081657504
GESHIP.NS,2026-03-05,2026-03-06,1395.6,2026-04-13,1325.82,Stop Loss,483307.43,10.0,48330.74,47450.4,34,-5.0,-2372.52,-19065.09,480934.91,497535.5,-3.3365639235793276
KTKBANK.NS,2026-03-05,2026-03-06,215.0,2026-03-09,204.25,Stop Loss,480934.91,10.0,48093.49,47945.0,223,-5.0,-2397.25,-21462.34,478537.66,497535.5,-3.8183888385853924
NATIONALUM.NS,2026-03-05,2026-03-06,392.0,2026-03-16,372.4,Stop Loss,478537.66,10.0,47853.77,47824.0,122,-5.0,-2391.2,-23853.54,476146.46,497535.5,-4.298997759958833
BEL.NS,2026-03-06,2026-03-09,470.0,2026-03-13,446.5,Stop Loss,476146.46,10.0,47614.65,47470.0,101,-5.0,-2373.5,-26227.04,473772.96,497535.5,-4.776049146241822
KIRLOSENG.NS,2026-03-06,2026-03-09,1515.0,2026-03-09,1439.25,Stop Loss,473772.96,10.0,47377.3,46965.0,31,-5.0,-2348.25,-28575.29,471424.71,497535.5,-5.248025517777119
KTKBANK.NS,2026-03-06,2026-03-09,210.5,2026-04-20,244.97,Trailing Stop,471424.71,10.0,47142.47,46941.5,223,16.38,7687.92,-20887.370000000003,479112.63,497535.5,-3.702825225536669
MRPL.NS,2026-03-06,2026-03-09,208.1,2026-03-09,197.7,Stop Loss,479112.63,10.0,47911.26,47863.0,230,-5.0,-2393.15,-23280.520000000004,476719.48,497535.5,-4.183826078742124
SUNPHARMA.NS,2026-03-06,2026-03-09,1772.9,2026-04-02,1684.26,Stop Loss,476719.48,10.0,47671.95,46095.4,26,-5.0,-2304.77,-25585.290000000005,474414.71,497535.5,-4.64706337537723
SUNPHARMA.NS,2026-03-09,2026-03-10,1810.0,2026-04-01,1719.5,Stop Loss,472044.65,10.0,47204.46,47060.0,26,-5.0,-2353.0,-27938.290000000005,472061.71,497535.5,-5.119994452657143
CUPID.NS,2026-03-09,2026-03-10,94.05,2026-03-11,89.35,Stop Loss,474414.71,10.0,47441.47,47401.2,504,-5.0,-2370.06,-30308.350000000006,469691.65,497535.5,-5.596354430990347
ABSLAMC.NS,2026-03-10,2026-03-11,989.95,2026-03-13,940.45,Stop Loss,469691.65,10.0,46969.16,46527.65,47,-5.0,-2326.38,-32634.730000000007,467365.27,497535.5,-6.063935136286753
EMCURE.NS,2026-03-10,2026-03-11,1567.0,2026-03-13,1488.65,Stop Loss,467365.27,10.0,46736.53,45443.0,29,-5.0,-2272.15,-34906.880000000005,465093.12,497535.5,-6.520616116839904
GLENMARK.NS,2026-03-10,2026-03-11,2243.0,2026-03-19,2130.85,Stop Loss,465093.12,10.0,46509.31,44860.0,20,-5.0,-2243.0,-37149.880000000005,462850.12,497535.5,-6.97143821898136
JBCHEPHARM.NS,2026-03-10,2026-03-11,2132.8,2026-04-01,2026.16,Stop Loss,462850.12,10.0,46285.01,44788.8,21,-5.0,-2239.44,-39389.32000000001,460610.68,497535.5,-7.421544794291061
JPOLYINVST.NS,2026-03-10,2026-03-11,1405.8,2026-03-11,1335.51,Stop Loss,460610.68,10.0,46061.07,44985.6,32,-5.0,-2249.28,-41638.600000000006,458361.4,497535.5,-7.873629117922235
PREMIERPOL.NS,2026-03-10,2026-03-11,62.06,2026-03-11,58.96,Stop Loss,458361.4,10.0,45836.14,45800.28,738,-5.0,-2290.01,-43928.61000000001,456071.39,497535.5,-8.333899792075137
SMSPHARMA.NS,2026-03-10,2026-03-11,422.0,2026-03-13,400.9,Stop Loss,456071.39,10.0,45607.14,45576.0,108,-5.0,-2278.8,-46207.41000000001,453792.58999999997,497535.5,-8.791917360670752
ASTRAL.NS,2026-03-11,2026-03-12,1719.0,2026-03-13,1633.05,Stop Loss,453792.59,10.0,45379.26,44694.0,26,-5.0,-2234.7,-48442.11000000001,451557.89,497535.5,-9.241071240142661
GLENMARK.NS,2026-03-11,2026-03-12,2273.2,2026-03-16,2159.54,Stop Loss,451557.89,10.0,45155.79,43190.8,19,-5.0,-2159.54,-50601.65000000001,449398.35,497535.5,-9.675118659874526
KTKBANK.NS,2026-03-11,2026-03-12,226.9,2026-03-16,215.55,Stop Loss,449398.35,10.0,44939.83,44926.2,198,-5.0,-2246.31,-52847.96000000001,447152.04,497535.5,-10.126606041176965
VENUSREM.NS,2026-03-11,2026-03-12,872.95,2026-03-23,829.3,Stop Loss,447152.04,10.0,44715.2,44520.45,51,-5.0,-2226.02,-55073.98,444926.02,497535.5,-10.574015321519767
VENUSREM.NS,2026-03-12,2026-03-13,935.0,2026-03-13,888.25,Stop Loss,429748.32,10.0,42974.83,42075.0,45,-5.0,-2103.75,-57177.73,442822.27,497535.5,-10.996849471042767
STLTECH.NS,2026-03-12,2026-03-13,203.0,2026-03-13,192.85,Stop Loss,431900.12,10.0,43190.01,43036.0,212,-5.0,-2151.8,-59329.530000000006,440670.47,497535.5,-11.429341222887619
NTPC.NS,2026-03-12,2026-03-13,391.85,2026-03-23,372.26,Stop Loss,434055.3,10.0,43405.53,43103.5,110,-5.0,-2155.18,-61484.71000000001,438515.29,497535.5,-11.86251232324126
IPCALAB.NS,2026-03-12,2026-03-13,1567.0,2026-03-23,1488.65,Stop Loss,436170.75,10.0,43617.07,42309.0,27,-5.0,-2115.45,-63600.16,436399.83999999997,497535.5,-12.287698063756261
GESHIP.NS,2026-03-12,2026-03-13,1487.7,2026-03-16,1413.31,Stop Loss,438327.91,10.0,43832.79,43143.3,29,-5.0,-2157.16,-65757.32,434242.68,497535.5,-12.721267125662392
COALINDIA.NS,2026-03-12,2026-03-13,473.0,2026-03-18,449.35,Stop Loss,440527.36,10.0,44052.74,43989.0,93,-5.0,-2199.45,-67956.77,432043.23,497535.5,-13.163336083555851
AJANTPHARM.NS,2026-03-12,2026-03-13,3136.8,2026-03-16,2979.96,Stop Loss,442723.12,10.0,44272.31,43915.2,14,-5.0,-2195.76,-70152.53,429847.47,497535.5,-13.604663385828756
AETHER.NS,2026-03-12,2026-03-13,1049.0,2026-03-13,996.55,Stop Loss,444926.02,10.0,44492.6,44058.0,42,-5.0,-2202.9,-72355.43,427644.57,497535.5,-14.047425761578822
ADANIPOWER.NS,2026-03-16,2026-03-17,156.0,2026-03-23,148.2,Stop Loss,427644.57,10.0,42764.46,42744.0,274,-5.0,-2137.2,-74492.62999999999,425507.37,497535.5,-14.476983049450743
AEROFLEX.NS,2026-03-16,2026-03-17,249.5,2026-03-19,237.02,Stop Loss,425507.37,10.0,42550.74,42415.0,170,-5.0,-2120.75,-76613.37999999999,423386.62,497535.5,-14.90323404058605
ADANIPOWER.NS,2026-03-17,2026-03-18,156.0,2026-03-23,148.2,Stop Loss,423386.62,10.0,42338.66,42276.0,271,-5.0,-2113.8,-78727.18,421272.82,497535.5,-15.32808814647397
CHENNPETRO.NS,2026-03-17,2026-03-18,1050.0,2026-03-19,997.5,Stop Loss,421272.82,10.0,42127.28,42000.0,40,-5.0,-2100.0,-80827.18,419172.82,497535.5,-15.750168580935428
LINDEINDIA.NS,2026-03-17,2026-03-18,7348.0,2026-03-19,6980.6,Stop Loss,419172.82,10.0,41917.28,36740.0,5,-5.0,-1837.0,-82664.18,417335.82,497535.5,-16.11938846574767
WHEELS.NS,2026-03-17,2026-03-18,968.0,2026-04-29,1228.7,Trailing Stop,417335.82,10.0,41733.58,41624.0,43,26.93,11210.1,-71454.07999999999,428545.92000000004,497535.5,-13.866262809387461
AETHER.NS,2026-03-18,2026-03-19,1047.35,2026-05-04,1222.73,Trailing Stop,428545.92,10.0,42854.59,41894.0,40,16.75,7015.3,-64438.779999999984,435561.22000000003,497535.5,-12.456252870398187
GODAVARIB.NS,2026-03-18,2026-03-19,317.05,2026-03-23,301.2,Stop Loss,435561.22,10.0,43556.12,43435.85,137,-5.0,-2171.79,-66610.56999999998,433389.43000000005,497535.5,-12.892762425997734
CENTUM.NS,2026-03-20,2026-03-23,2935.0,2026-03-23,2788.25,Stop Loss,429152.01,10.0,42915.2,41090.0,14,-5.0,-2054.5,-68665.06999999998,431334.93000000005,497535.5,-13.305697784379195
WHEELS.NS,2026-03-20,2026-03-23,1038.1,2026-03-23,986.19,Stop Loss,427097.51,10.0,42709.75,42562.1,41,-5.0,-2128.1,-70793.16999999998,429206.83,497535.5,-13.733426057035123
AETHER.NS,2026-03-20,2026-03-23,1149.8,2026-03-23,1092.31,Stop Loss,433389.43,10.0,43338.94,42542.6,37,-5.0,-2127.13,-72920.29999999999,427079.7,497535.5,-14.16095936872846
CCL.NS,2026-03-20,2026-03-23,1082.2,2026-03-30,1028.09,Stop Loss,431262.3,10.0,43126.23,42205.8,39,-5.0,-2110.29,-75030.58999999998,424969.41000000003,497535.5,-14.585107997318778
AETHER.NS,2026-03-24,2026-03-25,1191.0,2026-03-27,1131.45,Stop Loss,424969.41,10.0,42496.94,41685.0,35,-5.0,-2084.25,-77114.83999999998,422885.16000000003,497535.5,-15.004022828521776
PFOCUS.NS,2026-03-24,2026-03-25,312.05,2026-05-06,296.45,Stop Loss,422885.16,10.0,42288.52,42126.75,135,-5.0,-2106.34,-79221.17999999998,420778.82,497535.5,-15.42737754391395
GPIL.NS,2026-03-25,2026-03-27,277.3,2026-05-14,289.25,End of Data,420778.82,10.0,42077.88,41872.3,151,4.31,1804.45,-77416.72999999998,422583.27,497535.5,-15.06469990583586
GRANULES.NS,2026-03-25,2026-03-27,629.1,2026-05-06,723.64,Trailing Stop,422583.27,10.0,42258.33,42149.7,67,15.03,6334.52,-71082.20999999998,428917.79000000004,497535.5,-13.791520404071662
WHEELS.NS,2026-03-25,2026-03-27,1085.0,2026-03-30,1030.75,Stop Loss,428917.79,10.0,42891.78,42315.0,39,-5.0,-2115.75,-73197.95999999998,426802.04000000004,497535.5,-14.216766441791584
EMCURE.NS,2026-03-27,2026-03-30,1654.9,2026-04-02,1572.16,Stop Loss,426802.04,10.0,42680.2,41372.5,25,-5.0,-2068.63,-75266.58999999998,424733.41000000003,497535.5,-14.632541798524922
DBOL.NS,2026-03-30,2026-04-01,117.26,2026-04-01,111.4,Stop Loss,424733.41,10.0,42473.34,42448.12,362,-5.0,-2122.41,-77388.99999999999,422611.0,497535.5,-15.059126434194143
AUROPHARMA.NS,2026-04-01,2026-04-02,1335.5,2026-04-02,1268.72,Stop Loss,422611.0,10.0,42261.1,41400.5,31,-5.0,-2070.03,-79459.02999999998,420540.97000000003,497535.5,-15.475183177883784
MBAPL.NS,2026-04-01,2026-04-02,504.8,2026-05-14,529.95,End of Data,420540.97,10.0,42054.1,41898.4,83,4.98,2087.45,-77371.57999999999,422628.42000000004,497535.5,-15.055625176494935
NLCINDIA.NS,2026-04-01,2026-04-02,280.0,2026-04-13,266.0,Stop Loss,422628.42,10.0,42262.84,42000.0,150,-5.0,-2100.0,-79471.57999999999,420528.42000000004,497535.5,-15.477705610956397
ADANIPOWER.NS,2026-04-02,2026-04-06,162.0,2026-04-17,191.9,Trailing Stop,420528.42,10.0,42052.84,41958.0,259,18.46,7744.1,-71727.47999999998,428272.52,497535.5,-13.921213662140689
MBAPL.NS,2026-04-02,2026-04-06,538.35,2026-04-13,511.43,Stop Loss,428272.52,10.0,42827.25,42529.65,79,-5.0,-2126.48,-73853.95999999998,426146.04000000004,497535.5,-14.348616329890021
SPORTKING.NS,2026-04-02,2026-04-06,131.29,2026-05-06,153.74,Trailing Stop,426146.04,10.0,42614.6,42537.96,324,17.1,7272.35,-66581.60999999997,433418.39,497535.5,-12.886941735815832
SPORTKING.NS,2026-04-06,2026-04-07,131.17,2026-05-06,153.74,Trailing Stop,449881.33,10.0,44988.13,44860.14,342,17.21,7719.45,-58862.159999999974,441137.84,497535.5,-11.335404207337964
PFOCUS.NS,2026-04-06,2026-04-07,346.8,2026-04-09,329.46,Stop Loss,452135.53,10.0,45213.55,45084.0,130,-5.0,-2254.2,-61116.35999999997,438883.64,497535.5,-11.788477405129882
GAEL.NS,2026-04-06,2026-04-07,146.01,2026-05-11,170.62,Trailing Stop,444654.24,10.0,44465.42,44387.04,304,16.85,7481.29,-53635.06999999997,446364.93000000005,497535.5,-10.284807817733599
ANANDRATHI.NS,2026-04-06,2026-04-07,3299.0,2026-05-14,3575.2,End of Data,441063.64,10.0,44106.36,42887.0,13,8.37,3590.6,-50044.46999999997,449955.53,497535.5,-9.563130671077737
ADANIPOWER.NS,2026-04-06,2026-04-07,163.0,2026-04-17,191.85,Trailing Stop,433418.39,10.0,43341.84,43195.0,265,17.7,7645.25,-42399.21999999997,457600.78,497535.5,-8.026506651284175
CCL.NS,2026-04-07,2026-04-08,1170.0,2026-04-09,1111.5,Stop Loss,457600.78,10.0,45760.08,45630.0,39,-5.0,-2281.5,-44680.71999999997,455319.28,497535.5,-8.48506689472409
GPIL.NS,2026-04-07,2026-04-08,296.0,2026-05-12,281.2,Stop Loss,455319.28,10.0,45531.93,45288.0,153,-5.0,-2264.4,-46945.11999999997,453054.88,497535.5,-8.940190197483394
GRMOVER.NS,2026-04-07,2026-04-08,170.1,2026-04-17,161.6,Stop Loss,453054.88,10.0,45305.49,45246.6,266,-5.0,-2262.33,-49207.449999999975,450792.55000000005,497535.5,-9.394897449528719
MTARTECH.NS,2026-04-07,2026-04-08,4095.0,2026-04-15,4823.25,Trailing Stop,450792.55,10.0,45079.25,45045.0,11,17.78,8010.75,-41196.699999999975,458803.30000000005,497535.5,-7.784811335070553
NATCOPHARM.NS,2026-04-07,2026-04-08,1100.0,2026-04-22,1045.0,Stop Loss,458803.3,10.0,45880.33,45100.0,41,-5.0,-2255.0,-43451.699999999975,456548.30000000005,497535.5,-8.238045325408931
UNIPARTS.NS,2026-04-07,2026-04-08,503.1,2026-05-14,538.75,End of Data,456548.3,10.0,45654.83,45279.0,90,7.09,3208.5,-40243.199999999975,459756.80000000005,497535.5,-7.593166718756743
MANGLMCEM.NS,2026-04-08,2026-04-09,870.85,2026-05-14,886.1,End of Data,486701.05,10.0,48670.1,47896.75,55,1.75,838.75,-39404.449999999975,460595.55000000005,497535.5,-7.4245857833260045
HONASA.NS,2026-04-08,2026-04-09,320.0,2026-05-14,352.9,End of Data,481081.49,10.0,48108.15,48000.0,150,10.28,4935.0,-34469.449999999975,465530.55000000005,497535.5,-6.432696762341572
DCBBANK.NS,2026-04-08,2026-04-09,188.95,2026-05-08,179.5,Stop Loss,483490.6,10.0,48349.06,48182.25,255,-5.0,-2409.11,-36878.559999999976,463121.44,497535.5,-6.916905426848937
BSE.NS,2026-04-08,2026-04-09,3150.0,2026-05-08,3836.5,Trailing Stop,473193.1,10.0,47319.31,47250.0,15,21.79,10297.5,-26581.059999999976,473418.94,497535.5,-4.847203867864704
KTKBANK.NS,2026-04-08,2026-04-09,243.51,2026-05-14,246.95,End of Data,486016.49,10.0,48601.65,48458.49,199,1.41,684.56,-25896.499999999975,474103.5,497535.5,-4.709613685857592
ANANDRATHI.NS,2026-04-08,2026-04-09,3429.0,2026-05-14,3575.2,End of Data,463586.38,10.0,46358.64,44577.0,13,4.26,1900.6,-23995.899999999976,476004.10000000003,497535.5,-4.3276107936016555
AGIIL.NS,2026-04-08,2026-04-09,342.0,2026-04-09,324.9,Stop Loss,465911.98,10.0,46591.2,46512.0,136,-5.0,-2325.6,-26321.499999999975,473678.5,497535.5,-4.795034726165269
ADANIPOWER.NS,2026-04-08,2026-04-09,168.95,2026-04-20,199.05,Trailing Stop,457784.3,10.0,45778.43,45616.5,270,17.82,8127.68,-18193.819999999974,481806.18000000005,497535.5,-3.161446771134914
ABB.NS,2026-04-08,2026-04-09,6575.0,2026-05-12,6246.25,Stop Loss,459756.8,10.0,45975.68,39450.0,6,-5.0,-1972.5,-20166.319999999974,479833.68000000005,497535.5,-3.5579008935040712
APEX.NS,2026-04-08,2026-04-09,407.05,2026-04-17,474.65,Trailing Stop,465486.98,10.0,46548.7,46403.7,114,16.61,7706.12,-12460.199999999975,487539.80000000005,497535.5,-2.0090425708316197
STEELCAS.NS,2026-04-09,2026-04-10,273.0,2026-05-14,286.5,End of Data,521091.2,10.0,52109.12,51870.0,190,4.95,2565.0,-9895.199999999975,490104.80000000005,497535.5,-1.4935014687394073
SOUTHWEST.NS,2026-04-09,2026-04-10,231.6,2026-04-24,220.02,Stop Loss,523708.28,10.0,52370.83,52341.6,226,-5.0,-2617.08,-12512.279999999975,487487.72000000003,497535.5,-2.0195101656062673
SENORES.NS,2026-04-09,2026-04-10,806.1,2026-05-08,935.7,Trailing Stop,515543.79,10.0,51554.38,50784.3,63,16.08,8164.49,-4347.789999999975,495652.21,497535.5,-0.3785237435318644
POWERINDIA.NS,2026-04-09,2026-04-10,27680.0,2026-05-06,33001.0,Trailing Stop,510222.79,10.0,51022.28,27680.0,1,19.22,5321.0,973.2100000000246,500973.21,500973.21,0.0
GAEL.NS,2026-04-09,2026-04-10,154.79,2026-04-20,147.05,Stop Loss,512784.56,10.0,51278.46,51235.49,331,-5.0,-2561.77,-1588.5599999999754,498411.44,500973.21,-0.511358681235673
BSE.NS,2026-04-09,2026-04-10,3310.0,2026-05-14,4037.6,End of Data,501870.56,10.0,50187.06,49650.0,15,21.98,10914.0,9325.440000000024,509325.44,509325.44,0.0
BHAGYANGR.NS,2026-04-09,2026-04-10,188.0,2026-04-13,178.6,Stop Loss,493588.56,10.0,49358.86,49256.0,262,-5.0,-2462.8,6862.640000000024,506862.64,509325.44,-0.4835415250414329
AVALON.NS,2026-04-09,2026-04-10,1064.6,2026-05-07,1252.87,Trailing Stop,485116.41,10.0,48511.64,47907.0,45,17.68,8472.15,15334.790000000023,515334.79000000004,515334.79000000004,0.0
AGIIL.NS,2026-04-09,2026-04-10,361.7,2026-04-15,343.62,Stop Loss,487539.8,10.0,48753.98,48467.8,134,-5.0,-2423.39,12911.400000000023,512911.4,515334.79000000004,-0.4702554624732427
BHEL.NS,2026-04-09,2026-04-10,279.0,2026-04-27,340.05,Trailing Stop,491125.76,10.0,49112.58,49104.0,176,21.88,10744.8,23656.200000000023,523656.2,523656.2,0.0
AVANTIFEED.NS,2026-04-10,2026-04-13,1425.0,2026-04-30,1353.75,Stop Loss,559321.13,10.0,55932.11,55575.0,39,-5.0,-2778.75,20877.450000000023,520877.45,523656.2,-0.5306439606749619
CARRARO.NS,2026-04-10,2026-04-13,495.5,2026-04-16,642.77,Trailing Stop,572330.09,10.0,57233.01,56982.5,115,29.72,16936.62,37814.07000000002,537814.0700000001,537814.0700000001,0.0
BAJAJCON.NS,2026-04-10,2026-04-13,425.8,2026-05-07,517.71,Trailing Stop,560289.88,10.0,56028.99,55779.8,131,21.59,12040.21,49854.28000000002,549854.28,549854.28,0.0
BAJAJ-AUTO.NS,2026-04-10,2026-04-13,9701.5,2026-05-14,10451.0,End of Data,556542.38,10.0,55654.24,48507.5,5,7.73,3747.5,53601.78000000002,553601.78,553601.78,0.0
AVALON.NS,2026-04-10,2026-04-13,1020.0,2026-05-07,1255.1,Trailing Stop,546860.83,10.0,54686.08,54060.0,53,23.05,12460.3,66062.08000000002,566062.0800000001,566062.0800000001,0.0
APEX.NS,2026-04-10,2026-04-13,422.0,2026-04-21,493.4,Trailing Stop,540467.42,10.0,54046.74,54016.0,128,16.92,9139.2,75201.28000000001,575201.28,575201.28,0.0
AEROFLEX.NS,2026-04-10,2026-04-13,284.1,2026-05-06,335.84,Trailing Stop,530842.85,10.0,53084.28,52842.6,186,18.21,9624.57,84825.85,584825.85,584825.85,0.0
ADANIENSOL.NS,2026-04-10,2026-04-13,1120.0,2026-04-22,1327.4,Trailing Stop,521302.45,10.0,52130.24,51520.0,46,18.52,9540.4,94366.25,594366.25,594366.25,0.0
ABB.NS,2026-04-10,2026-04-13,6725.0,2026-05-11,6388.75,Stop Loss,523656.2,10.0,52365.62,47075.0,7,-5.0,-2353.75,92012.5,592012.5,594366.25,-0.3960100358995821
ASIANTILES.NS,2026-04-10,2026-04-13,69.69,2026-04-29,66.21,Stop Loss,549606.62,10.0,54960.66,54915.72,788,-5.0,-2745.79,89266.71,589266.71,594366.25,-0.8579794024307466
MANGLMCEM.NS,2026-04-13,2026-04-15,896.95,2026-05-14,886.1,End of Data,633406.67,10.0,63340.67,62786.5,70,-1.21,-759.5,88507.21,588507.21,594366.25,-0.9857625664310579
NITINSPIN.NS,2026-04-13,2026-04-15,416.0,2026-05-04,489.0,Trailing Stop,632647.17,10.0,63264.72,63232.0,152,17.55,11096.0,99603.21,599603.21,599603.21,0.0
KRN.NS,2026-04-13,2026-04-15,1076.0,2026-04-20,1260.2,Trailing Stop,622907.27,10.0,62290.73,61332.0,57,17.12,10499.4,110102.61,610102.61,610102.61,0.0
JAYNECOIND.NS,2026-04-13,2026-04-15,90.0,2026-04-27,104.25,Trailing Stop,613203.02,10.0,61320.3,61290.0,681,15.83,9704.25,119806.86,619806.86,619806.86,0.0
INOXINDIA.NS,2026-04-13,2026-04-15,1468.1,2026-05-13,1394.69,Stop Loss,616212.62,10.0,61621.26,60192.1,41,-5.0,-3009.6,116797.26,616797.26,619806.86,-0.48557061791797157
DEEDEV.NS,2026-04-13,2026-04-15,374.0,2026-05-05,441.0,Trailing Stop,605425.62,10.0,60542.56,60214.0,161,17.91,10787.0,127584.26,627584.26,627584.26,0.0
BHEL.NS,2026-04-13,2026-04-15,291.02,2026-04-27,339.45,Trailing Stop,595546.1,10.0,59554.61,59368.08,204,16.64,9879.52,137463.78,637463.78,637463.78,0.0
ASIANTILES.NS,2026-04-13,2026-04-15,74.59,2026-04-15,70.86,Stop Loss,598537.16,10.0,59853.72,59821.18,802,-5.0,-2991.06,134472.72,634472.72,637463.78,-0.4692125409854746
AKUMS.NS,2026-04-13,2026-04-15,531.95,2026-05-14,527.9,End of Data,598990.76,10.0,59899.08,59578.4,112,-0.76,-453.6,134019.12,634019.12,637463.78,-0.5403695249948213
ADANIENSOL.NS,2026-04-13,2026-04-15,1195.0,2026-04-27,1393.45,Trailing Stop,589266.71,10.0,58926.67,58555.0,49,16.61,9724.05,143743.16999999998,643743.1699999999,643743.1699999999,0.0
KIRLOSENG.NS,2026-04-15,2026-04-16,1618.0,2026-05-14,1596.6,End of Data,640355.66,10.0,64035.57,63102.0,39,-1.32,-834.6,142908.56999999998,642908.57,643743.1699999999,-0.12964797746902337
KINGFA.NS,2026-04-15,2026-04-16,4708.0,2026-05-14,5175.5,End of Data,634278.16,10.0,63427.82,61204.0,13,9.93,6077.5,148986.06999999998,648986.07,648986.07,0.0
JAYNECOIND.NS,2026-04-15,2026-04-16,92.5,2026-04-28,106.57,Trailing Stop,624777.54,10.0,62477.75,62437.5,675,15.22,9500.62,158486.68999999997,658486.69,658486.69,0.0
INOXINDIA.NS,2026-04-15,2026-04-16,1471.0,2026-05-13,1397.45,Stop Loss,627866.64,10.0,62786.66,61782.0,42,-5.0,-3089.1,155397.58999999997,655397.59,658486.69,-0.46912109947127056
AKUMS.NS,2026-04-15,2026-04-16,547.9,2026-04-24,520.51,Stop Loss,643743.17,10.0,64374.32,64104.3,117,-5.0,-3205.22,152192.36999999997,652192.37,658486.69,-0.9558765720837803
DIVGIITTS.NS,2026-04-15,2026-04-16,799.9,2026-04-20,759.91,Stop Loss,634177.61,10.0,63417.76,63192.1,79,-5.0,-3159.61,149032.75999999998,649032.76,658486.69,-1.4357055569338746
CARRARO.NS,2026-04-15,2026-04-16,614.0,2026-04-16,583.3,Stop Loss,637339.71,10.0,63733.97,63242.0,103,-5.0,-3162.1,145870.65999999997,645870.6599999999,658486.69,-1.9159126815456253
BHARATSE.NS,2026-04-15,2026-04-16,187.58,2026-04-22,178.2,Stop Loss,640537.95,10.0,64053.79,63964.78,341,-5.0,-3198.24,142672.41999999998,642672.4199999999,658486.69,-2.40160814791868
KRN.NS,2026-04-15,2026-04-16,1129.0,2026-04-28,1348.55,Trailing Stop,639521.06,10.0,63952.11,63224.0,56,19.45,12294.8,154967.21999999997,654967.22,658486.69,-0.5344785328918299
GPIL.NS,2026-04-15,2026-04-16,307.45,2026-04-23,292.08,Stop Loss,631018.0,10.0,63101.8,63027.25,205,-5.0,-3151.36,151815.86,651815.86,658486.69,-1.0130546450376938
IFCI.NS,2026-04-16,2026-04-17,61.0,2026-04-30,57.95,Stop Loss,683318.1,10.0,68331.81,68320.0,1120,-5.0,-3416.0,148399.86,648399.86,658486.69,-1.531819876268108
HEG.NS,2026-04-16,2026-04-17,629.9,2026-04-30,598.41,Stop Loss,686751.06,10.0,68675.11,68659.1,109,-5.0,-3432.96,144966.9,644966.9,658486.69,-2.0531607100516975
JAYBARMARU.NS,2026-04-16,2026-04-17,97.53,2026-04-24,92.65,Stop Loss,676510.94,10.0,67651.09,67588.29,693,-5.0,-3379.41,141587.49,641587.49,658486.69,-2.566369261009658
INDIACEM.NS,2026-04-16,2026-04-17,411.05,2026-05-04,390.5,Stop Loss,679902.1,10.0,67990.21,67823.25,165,-5.0,-3391.16,138196.33,638196.33,658486.69,-3.0813622064251573
GRAPHITE.NS,2026-04-16,2026-04-17,684.75,2026-05-14,759.6,End of Data,679340.91,10.0,67934.09,67790.25,99,10.93,7410.15,145606.47999999998,645606.48,658486.69,-1.956031943485443
ADANIPORTS.NS,2026-04-16,2026-04-17,1559.0,2026-05-14,1773.4,End of Data,651815.86,10.0,65181.59,63919.0,41,13.75,8790.4,154396.87999999998,654396.88,658486.69,-0.6210922805440364
DREDGECORP.NS,2026-04-16,2026-04-17,978.0,2026-05-11,929.1,Stop Loss,672604.15,10.0,67260.41,66504.0,68,-5.0,-3325.2,151071.67999999996,651071.6799999999,658486.69,-1.126068318860023
BHEL.NS,2026-04-16,2026-04-17,311.0,2026-05-04,383.45,Trailing Stop,657317.2,10.0,65731.72,65621.0,211,23.3,15286.95,166358.62999999998,666358.63,666358.63,0.0
BGRENERGY.NS,2026-04-16,2026-04-17,349.9,2026-04-23,332.4,Stop Loss,660606.26,10.0,66060.63,65781.2,188,-5.0,-3289.06,163069.56999999998,663069.57,666358.63,-0.4935870643710363
FINCABLES.NS,2026-04-16,2026-04-17,915.3,2026-05-05,1053.14,Trailing Stop,669278.95,10.0,66927.89,66816.9,73,15.06,10061.96,173131.52999999997,673131.53,673131.53,0.0
PRIVISCL.NS,2026-04-17,2026-04-20,3155.0,2026-05-14,3075.3,End of Data,691079.76,10.0,69107.98,66255.0,21,-2.53,-1673.7,171457.82999999996,671457.83,673131.53,-0.24864382745524785
NITINSPIN.NS,2026-04-17,2026-04-20,425.0,2026-04-24,403.75,Stop Loss,694543.51,10.0,69454.35,69275.0,163,-5.0,-3463.75,167994.07999999996,667994.08,673131.53,-0.7632163657524808
MAHLOG.NS,2026-04-17,2026-04-20,431.7,2026-04-24,410.12,Stop Loss,698018.7,10.0,69801.87,69503.7,161,-5.0,-3475.19,164518.88999999996,664518.8899999999,673131.53,-1.2794884233100967
ESABINDIA.NS,2026-04-17,2026-04-20,5717.8,2026-05-04,6938.11,Trailing Stop,684595.29,10.0,68459.53,62895.8,11,21.34,13423.41,177942.29999999996,677942.2999999999,677942.2999999999,0.0
CENTUM.NS,2026-04-17,2026-04-20,3100.1,2026-04-20,2945.1,Stop Loss,688005.4,10.0,68800.54,68202.2,22,-5.0,-3410.11,174532.18999999997,674532.19,677942.2999999999,-0.5030088843844065
BAJAJCON.NS,2026-04-17,2026-04-20,480.0,2026-04-21,456.0,Stop Loss,677770.72,10.0,67777.07,67680.0,141,-5.0,-3384.0,171148.18999999997,671148.19,677942.2999999999,-1.0021664085571864
APEX.NS,2026-04-17,2026-04-20,469.65,2026-05-14,466.8,End of Data,678181.12,10.0,67818.11,67629.6,144,-0.61,-410.4,170737.78999999998,670737.79,677942.2999999999,-1.0627025338291907
AEROFLEX.NS,2026-04-17,2026-04-20,311.23,2026-04-21,295.67,Stop Loss,681573.53,10.0,68157.35,67848.14,218,-5.0,-3392.41,167345.37999999998,667345.38,677942.2999999999,-1.5631005765534804
ADANIPORTS.NS,2026-04-17,2026-04-20,1572.4,2026-05-14,1773.4,End of Data,673131.53,10.0,67313.15,66040.8,42,12.78,8442.0,175787.37999999998,675787.38,677942.2999999999,-0.31786185933521566
BHEL.NS,2026-04-17,2026-04-20,318.53,2026-05-04,383.07,Trailing Stop,674386.72,10.0,67438.67,67209.83,211,20.26,13618.68,189406.05999999997,689406.0599999999,689406.0599999999,0.0
ESABINDIA.NS,2026-04-20,2026-04-21,5800.0,2026-05-04,6934.0,Trailing Stop,691418.87,10.0,69141.89,63800.0,11,19.55,12474.0,201880.05999999997,701880.0599999999,701880.0599999999,0.0
JSWSTEEL.NS,2026-04-20,2026-04-21,1284.4,2026-05-14,1296.9,End of Data,715645.22,10.0,71564.52,70642.0,55,0.97,687.5,202567.55999999997,702567.5599999999,702567.5599999999,0.0
GRAPHITE.NS,2026-04-20,2026-04-21,715.45,2026-05-14,759.6,End of Data,711274.37,10.0,71127.44,70829.55,99,6.17,4370.85,206938.40999999997,706938.4099999999,706938.4099999999,0.0
GRANULES.NS,2026-04-20,2026-04-21,665.0,2026-05-14,735.3,End of Data,703892.87,10.0,70389.29,69825.0,105,10.57,7381.5,214319.90999999997,714319.9099999999,714319.9099999999,0.0
DREDGECORP.NS,2026-04-20,2026-04-21,1011.2,2026-04-22,960.64,Stop Loss,694856.95,10.0,69485.69,68761.6,68,-5.0,-3438.08,210881.83,710881.83,714319.9099999999,-0.48130815785324516
APLAPOLLO.NS,2026-04-20,2026-04-21,2165.0,2026-04-23,2056.75,Stop Loss,689406.06,10.0,68940.61,67115.0,31,-5.0,-3355.75,207526.08,707526.08,714319.9099999999,-0.9510906674853791
CGPOWER.NS,2026-04-20,2026-04-21,800.0,2026-05-14,848.25,End of Data,694196.75,10.0,69419.67,68800.0,86,6.03,4149.5,211675.58,711675.58,714319.9099999999,-0.3701884775968177
BHEL.NS,2026-04-20,2026-04-21,327.01,2026-05-04,382.65,Trailing Stop,682623.74,10.0,68262.37,68018.08,208,17.01,11573.01,223248.59,723248.59,723248.59,0.0
ASIANTILES.NS,2026-04-20,2026-04-21,77.7,2026-04-24,73.81,Stop Loss,686050.31,10.0,68605.03,68531.4,882,-5.0,-3426.57,219822.02,719822.02,723248.59,-0.47377486072941377
DCBBANK.NS,2026-04-20,2026-04-21,193.85,2026-04-30,184.16,Stop Loss,698346.25,10.0,69834.62,69786.0,360,-5.0,-3489.3,216332.72,716332.72,723248.59,-0.9562230878320822
MAYURUNIQ.NS,2026-04-21,2026-04-22,585.0,2026-04-28,555.75,Stop Loss,716332.72,10.0,71633.27,71370.0,122,-5.0,-3568.5,212764.22,712764.22,723248.59,-1.4496219066254932
PRECWIRE.NS,2026-04-21,2026-04-22,386.0,2026-05-14,366.7,Stop Loss,712764.22,10.0,71276.42,71024.0,184,-5.0,-3551.2,209213.02,709213.02,723248.59,-1.9406287401127116
TIMKEN.NS,2026-04-22,2026-04-23,3650.0,2026-04-29,3467.5,Stop Loss,709213.02,10.0,70921.3,69350.0,19,-5.0,-3467.5,205745.52,705745.52,723248.59,-2.420062789199485
SAILIFE.NS,2026-04-23,2026-04-24,1051.4,2026-05-14,1112.5,End of Data,704506.08,10.0,70450.61,70443.8,67,5.81,4093.7,209839.22,709839.22,723248.59,-1.8540471679315675
GULPOLY.NS,2026-04-23,2026-04-24,186.87,2026-04-27,177.53,Stop Loss,708037.92,10.0,70803.79,70636.86,378,-5.0,-3531.84,206307.38,706307.38,723248.59,-2.3423771901166046
STAR.NS,2026-04-23,2026-04-24,1079.05,2026-05-04,1025.1,Stop Loss,708599.78,10.0,70859.98,70138.25,65,-5.0,-3506.91,202800.47,702800.47,723248.59,-2.8272602646899037
ATUL.NS,2026-04-23,2026-04-24,6798.0,2026-05-14,6970.0,End of Data,705745.52,10.0,70574.55,67980.0,10,2.53,1720.0,204520.47,704520.47,723248.59,-2.589444384537272
DRREDDY.NS,2026-04-23,2026-04-24,1293.0,2026-05-14,1303.6,End of Data,707465.52,10.0,70746.55,69822.0,54,0.82,572.4,205092.87,705092.87,723248.59,-2.510301471863218
ASTERDM.NS,2026-04-27,2026-04-28,720.05,2026-05-14,746.6,End of Data,705092.87,10.0,70509.29,69844.85,97,3.69,2575.35,207668.22,707668.22,723248.59,-2.1542205841009654
INDUSINDBK.NS,2026-04-27,2026-04-28,890.15,2026-05-14,907.9,End of Data,707668.22,10.0,70766.82,70321.85,79,1.99,1402.25,209070.47,709070.47,723248.59,-1.9603384225056004
KRISHANA.NS,2026-04-27,2026-04-28,698.0,2026-04-29,663.1,Stop Loss,709070.47,10.0,70907.05,70498.0,101,-5.0,-3524.9,205545.57,705545.5700000001,723248.59,-2.447708885267222
MAANALU.NS,2026-04-27,2026-04-28,161.91,2026-04-28,153.81,Stop Loss,705545.57,10.0,70554.56,70430.85,435,-5.0,-3521.54,202024.03,702024.03,723248.59,-2.934614777472285
SARDAEN.NS,2026-04-27,2026-04-28,617.0,2026-04-30,586.15,Stop Loss,702024.03,10.0,70202.4,69721.0,113,-5.0,-3486.05,198537.98,698537.98,723248.59,-3.4166136431735024
STAR.NS,2026-04-27,2026-04-28,1098.0,2026-04-30,1043.1,Stop Loss,698537.98,10.0,69853.8,69174.0,63,-5.0,-3458.7,195079.28,695079.28,723248.59,-3.8948309598501867
TMB.NS,2026-04-27,2026-04-28,688.0,2026-05-14,666.35,End of Data,695079.28,10.0,69507.93,69488.0,101,-3.15,-2186.65,192892.63,692892.63,723248.59,-4.197168223998883
TMB.NS,2026-04-28,2026-04-29,748.7,2026-05-11,711.27,Stop Loss,672509.83,10.0,67250.98,66634.3,89,-5.0,-3331.72,189560.91,689560.91,723248.59,-4.657828645058255
ROSSTECH.NS,2026-04-28,2026-04-29,1025.1,2026-04-30,973.84,Stop Loss,675841.4,10.0,67584.14,66631.5,65,-5.0,-3331.57,186229.34,686229.34,723248.59,-5.1184683263606505
ONGC.NS,2026-04-28,2026-04-29,303.9,2026-05-05,288.7,Stop Loss,679229.88,10.0,67922.99,67769.7,223,-5.0,-3388.48,182840.86,682840.86,723248.59,-5.58697667146506
IMFA.NS,2026-04-28,2026-04-29,1644.0,2026-04-30,1561.8,Stop Loss,689430.13,10.0,68943.01,67404.0,41,-5.0,-3370.2,179470.65999999997,679470.6599999999,723248.59,-6.052957531517628
INFOBEAN.NS,2026-04-28,2026-04-29,198.5,2026-04-29,188.57,Stop Loss,686059.93,10.0,68605.99,68482.5,345,-5.0,-3424.13,176046.52999999997,676046.53,723248.59,-6.526395025533328
CUB.NS,2026-04-28,2026-04-29,277.0,2026-05-08,263.15,Stop Loss,692892.63,10.0,69289.26,69250.0,250,-5.0,-3462.5,172584.02999999997,672584.03,723248.59,-7.005137749387101
MANOMAY.NS,2026-04-28,2026-04-29,245.03,2026-05-04,232.78,Stop Loss,682635.8,10.0,68263.58,68118.34,278,-5.0,-3405.92,169178.10999999996,669178.11,723248.59,-7.476057436904231
RBLBANK.NS,2026-04-29,2026-04-30,340.4,2026-05-14,323.38,Stop Loss,649504.63,10.0,64950.46,64676.0,190,-5.0,-3233.8,165944.30999999997,665944.3099999999,723248.59,-7.9231789446005045
SKYGOLD.NS,2026-04-29,2026-04-30,460.0,2026-05-13,437.0,Stop Loss,653729.15,10.0,65372.91,65320.0,142,-5.0,-3266.0,162678.30999999997,662678.3099999999,723248.59,-8.374752586797305
SATIN.NS,2026-04-29,2026-04-30,181.05,2026-05-11,210.95,Trailing Stop,643115.54,10.0,64311.55,64272.75,355,16.51,10613.61,173291.91999999998,673291.9199999999,723248.59,-6.907261305549181
RRKABEL.NS,2026-04-29,2026-04-30,1618.1,2026-04-30,1537.19,Stop Loss,646270.83,10.0,64627.08,63105.9,39,-5.0,-3155.29,170136.62999999998,670136.63,723248.59,-7.3435276244368435
PIXTRANS.NS,2026-04-29,2026-04-30,1573.9,2026-05-06,1495.21,Stop Loss,652731.13,10.0,65273.11,64529.9,41,-5.0,-3226.5,166910.12999999998,666910.13,723248.59,-7.789639797292929
AGIIL.NS,2026-04-29,2026-04-30,395.0,2026-04-30,375.25,Stop Loss,669178.11,10.0,66917.81,66755.0,169,-5.0,-3337.75,163572.37999999998,663572.38,723248.59,-8.251133956583304
GESHIP.NS,2026-04-29,2026-04-30,1551.0,2026-05-14,1473.45,Stop Loss,659261.86,10.0,65926.19,65142.0,42,-5.0,-3257.1,160315.27999999997,660315.28,723248.59,-8.70147703986536
EMCURE.NS,2026-04-29,2026-04-30,1730.0,2026-05-06,1643.5,Stop Loss,662548.86,10.0,66254.89,65740.0,38,-5.0,-3287.0,157028.27999999997,657028.28,723248.59,-9.155954248040766
CHENNPETRO.NS,2026-04-29,2026-04-30,1135.0,2026-05-06,1078.25,Stop Loss,665840.36,10.0,66584.04,65830.0,58,-5.0,-3291.5,153736.77999999997,653736.78,723248.59,-9.611053648925875
KTKBANK.NS,2026-04-29,2026-04-30,268.33,2026-05-11,254.91,Stop Loss,656004.76,10.0,65600.48,65472.52,244,-5.0,-3273.63,150463.14999999997,650463.1499999999,723248.59,-10.063682253428253
BAJAJ-AUTO.NS,2026-04-30,2026-05-01,9994.0,2026-05-14,10451.0,End of Data,650463.15,10.0,65046.31,59964.0,6,4.57,2742.0,153205.14999999997,653205.1499999999,723248.59,-9.684559495650046
MAWANASUG.NS,2026-04-30,2026-05-01,113.03,2026-05-11,107.38,Stop Loss,653205.15,10.0,65320.51,65218.31,577,-5.0,-3260.92,149944.22999999995,649944.23,723248.59,-10.135430751410105
EQUITASBNK.NS,2026-05-04,2026-05-05,72.15,2026-05-12,68.54,Stop Loss,638762.86,10.0,63876.29,63852.75,885,-5.0,-3192.64,146751.58999999994,646751.59,723248.59,-10.576861269788305
KMEW.NS,2026-05-04,2026-05-05,2052.6,2026-05-13,1949.97,Stop Loss,648347.22,10.0,64834.72,63630.6,31,-5.0,-3181.53,143570.05999999994,643570.0599999999,723248.59,-11.016755663498774
KEI.NS,2026-05-04,2026-05-05,4950.0,2026-05-14,5144.7,End of Data,645816.12,10.0,64581.61,64350.0,13,3.93,2531.1,146101.15999999995,646101.1599999999,723248.59,-10.666793004048587
GRWRHITECH.NS,2026-05-04,2026-05-05,4303.0,2026-05-06,5034.85,Trailing Stop,635570.22,10.0,63557.02,60242.0,14,17.01,10245.9,156347.05999999994,656347.0599999999,723248.59,-9.25014316308588
BHARATSE.NS,2026-05-04,2026-05-05,191.8,2026-05-14,182.21,Stop Loss,641965.92,10.0,64196.59,64061.2,334,-5.0,-3203.06,153143.99999999994,653144.0,723248.59,-9.693014403249645
AETHER.NS,2026-05-04,2026-05-05,1256.0,2026-05-05,1193.2,Stop Loss,649944.23,10.0,64994.42,64056.0,51,-5.0,-3202.8,149941.19999999995,649941.2,723248.59,-10.135849694501307
ASTERDM.NS,2026-05-04,2026-05-05,750.0,2026-05-14,746.6,End of Data,640334.92,10.0,64033.49,63750.0,85,-0.45,-289.0,149652.19999999995,649652.2,723248.59,-10.175808292968815
AKUMS.NS,2026-05-04,2026-05-05,560.0,2026-05-12,532.0,Stop Loss,643526.92,10.0,64352.69,63840.0,114,-5.0,-3192.0,146460.19999999995,646460.2,723248.59,-10.617150321717187
AGIIL.NS,2026-05-04,2026-05-05,406.9,2026-05-05,386.55,Stop Loss,646741.43,10.0,64674.14,64290.2,158,-5.0,-3214.51,143245.68999999994,643245.69,723248.59,-11.061604696664535
BAJAJ-AUTO.NS,2026-05-04,2026-05-05,10131.0,2026-05-14,10451.0,End of Data,640045.92,10.0,64004.59,60786.0,6,3.16,1920.0,145165.68999999994,645165.69,723248.59,-10.79613580719183
SYRMA.NS,2026-05-05,2026-05-06,1068.85,2026-05-14,1015.41,Stop Loss,638615.27,10.0,63861.53,63062.15,59,-5.0,-3153.11,142012.57999999996,642012.58,723248.59,-11.232100708277912
RPTECH.NS,2026-05-05,2026-05-06,510.2,2026-05-14,515.3,End of Data,637977.77,10.0,63797.78,63775.0,125,1.0,637.5,142650.07999999996,642650.08,723248.59,-11.143956741070179
NETWEB.NS,2026-05-05,2026-05-06,4250.0,2026-05-12,4037.5,Stop Loss,641165.27,10.0,64116.53,63750.0,15,-5.0,-3187.5,139462.57999999996,639462.58,723248.59,-11.58467657710885
MBAPL.NS,2026-05-05,2026-05-06,566.8,2026-05-12,538.46,Stop Loss,644367.69,10.0,64436.77,64048.4,113,-5.0,-3202.42,136260.15999999995,636260.1599999999,723248.59,-12.027459327642804
MAWANASUG.NS,2026-05-05,2026-05-06,120.5,2026-05-07,114.47,Stop Loss,647603.12,10.0,64760.31,64708.5,537,-5.0,-3235.43,133024.72999999995,633024.73,723248.59,-12.47480620736502
KMEW.NS,2026-05-05,2026-05-06,2249.9,2026-05-06,2137.4,Stop Loss,650066.58,10.0,65006.66,62997.2,28,-5.0,-3149.86,129874.86999999995,629874.87,723248.59,-12.910321747049652
GRWRHITECH.NS,2026-05-05,2026-05-06,4525.0,2026-05-07,5333.75,Trailing Stop,638744.08,10.0,63874.41,63350.0,14,17.87,11322.5,141197.36999999994,641197.3699999999,723248.59,-11.344815756917008
DWARKESH.NS,2026-05-05,2026-05-06,51.19,2026-05-07,48.63,Stop Loss,641953.69,10.0,64195.37,64192.26,1254,-5.0,-3209.61,137987.75999999995,637987.76,723248.59,-11.788592633135995
ABCAPITAL.NS,2026-05-05,2026-05-06,365.0,2026-05-12,346.75,Stop Loss,645165.69,10.0,64516.57,64240.0,176,-5.0,-3212.0,134775.75999999995,634775.76,723248.59,-12.232699962816376
MARICO.NS,2026-05-05,2026-05-06,826.2,2026-05-14,835.0,End of Data,646916.72,10.0,64691.67,64443.6,78,1.07,686.4,135462.15999999995,635462.1599999999,723248.59,-12.137794834829895
BHARATSE.NS,2026-05-06,2026-05-07,210.01,2026-05-07,199.51,Stop Loss,646764.09,10.0,64676.41,64473.07,307,-5.0,-3223.65,132238.50999999995,632238.51,723248.59,-12.583512952303158
HINDZINC.NS,2026-05-06,2026-05-07,644.9,2026-05-14,669.25,End of Data,644619.66,10.0,64461.97,63845.1,99,3.78,2410.65,134649.15999999995,634649.1599999999,723248.59,-12.250204317715996
GRWRHITECH.NS,2026-05-06,2026-05-07,5087.0,2026-05-14,5444.6,End of Data,640328.46,10.0,64032.85,61044.0,12,7.03,4291.2,138940.35999999996,638940.36,723248.59,-11.656881349744488
GLOBAL.NS,2026-05-06,2026-05-07,119.85,2026-05-11,113.86,Stop Loss,643540.44,10.0,64354.04,64239.6,536,-5.0,-3211.98,135728.37999999995,635728.3799999999,723248.59,-12.10098591412395
AUROPHARMA.NS,2026-05-06,2026-05-07,1475.1,2026-05-14,1510.9,End of Data,645224.69,10.0,64522.47,63429.3,43,2.43,1539.4,137267.77999999994,637267.7799999999,723248.59,-11.888140701387341
ABCAPITAL.NS,2026-05-06,2026-05-07,370.85,2026-05-11,352.31,Stop Loss,635462.16,10.0,63546.22,63415.35,171,-5.0,-3170.77,134097.00999999995,634097.01,723248.59,-12.326547363196374
ALIVUS.NS,2026-05-06,2026-05-07,1135.0,2026-05-11,1078.25,Stop Loss,651518.27,10.0,65151.83,64695.0,57,-5.0,-3234.75,130862.25999999995,630862.26,723248.59,-12.773800222686912
AJANTPHARM.NS,2026-05-06,2026-05-07,3100.0,2026-05-14,3259.2,End of Data,648334.27,10.0,64833.43,62000.0,20,5.14,3184.0,134046.25999999995,634046.26,723248.59,-12.333564314311344
AEROFLEX.NS,2026-05-06,2026-05-07,351.5,2026-05-08,441.13,Trailing Stop,632291.39,10.0,63229.14,62918.5,179,25.5,16042.88,150089.13999999996,650089.1399999999,723248.59,-10.115394763507258
AMBER.NS,2026-05-06,2026-05-07,8739.5,2026-05-12,8302.52,Stop Loss,648283.52,10.0,64828.35,61176.5,7,-5.0,-3058.83,147030.30999999997,647030.3099999999,723248.59,-10.538324035999853
BAJAJ-AUTO.NS,2026-05-07,2026-05-08,10625.0,2026-05-14,10451.0,End of Data,630958.41,10.0,63095.84,53125.0,5,-1.64,-870.0,146160.30999999997,646160.3099999999,723248.59,-10.658614626542173
CGPOWER.NS,2026-05-07,2026-05-08,860.35,2026-05-14,848.25,End of Data,626973.84,10.0,62697.38,61945.2,72,-1.41,-871.2,145289.10999999996,645289.11,723248.59,-10.779071135140407
BHARATFORG.NS,2026-05-07,2026-05-08,2009.4,2026-05-12,1908.93,Stop Loss,630088.41,10.0,63008.84,62291.4,31,-5.0,-3114.57,142174.53999999995,642174.5399999999,723248.59,-11.209707301330523
CRAFTSMAN.NS,2026-05-07,2026-05-08,8657.5,2026-05-14,8567.0,End of Data,626102.64,10.0,62610.26,60602.5,7,-1.05,-633.5,141541.03999999995,641541.0399999999,723248.59,-11.297298208351854
AVALON.NS,2026-05-07,2026-05-08,1271.6,2026-05-14,1269.4,End of Data,631066.21,10.0,63106.62,62308.4,49,-0.17,-107.8,141433.23999999996,641433.24,723248.59,-11.312203180375365
ARVIND.NS,2026-05-07,2026-05-08,449.0,2026-05-11,426.55,Stop Loss,640592.79,10.0,64059.28,63758.0,142,-5.0,-3187.9,138245.33999999997,638245.34,723248.59,-11.752978322432678
ASHIANA.NS,2026-05-07,2026-05-08,380.8,2026-05-11,361.76,Stop Loss,637404.89,10.0,63740.49,63593.6,167,-5.0,-3179.68,135065.65999999997,635065.6599999999,723248.59,-12.192616925806943
APOLLOPIPE.NS,2026-05-07,2026-05-08,502.8,2026-05-12,477.66,Stop Loss,643810.71,10.0,64381.07,64358.4,128,-5.0,-3217.92,131847.73999999996,631847.74,723248.59,-12.637542784563186
AEROFLEX.NS,2026-05-07,2026-05-08,399.95,2026-05-12,379.95,Stop Loss,647030.31,10.0,64703.03,64391.95,161,-5.0,-3219.6,128628.13999999996,628628.1399999999,723248.59,-13.082700928597744
ASTRAMICRO.NS,2026-05-07,2026-05-08,1170.0,2026-05-12,1111.5,Stop Loss,634225.21,10.0,63422.52,63180.0,54,-5.0,-3159.0,125469.13999999996,625469.1399999999,723248.59,-13.519480210808302
RICOAUTO.NS,2026-05-08,2026-05-11,124.84,2026-05-12,118.6,Stop Loss,608183.44,10.0,60818.34,60797.08,487,-5.0,-3039.85,122429.28999999995,622429.2899999999,723248.59,-13.939785212716426
NELCAST.NS,2026-05-08,2026-05-11,160.89,2026-05-12,152.85,Stop Loss,611232.31,10.0,61123.23,60977.31,379,-5.0,-3048.87,119380.41999999995,619380.4199999999,723248.59,-14.361337365344887
MAYURUNIQ.NS,2026-05-08,2026-05-11,622.1,2026-05-14,601.7,End of Data,610662.71,10.0,61066.27,60965.8,98,-3.28,-1999.2,117381.21999999996,617381.22,723248.59,-14.637756846508335
KINGFA.NS,2026-05-08,2026-05-11,5425.0,2026-05-13,5153.75,Stop Loss,613646.46,10.0,61364.65,59675.0,11,-5.0,-2983.75,114397.46999999996,614397.47,723248.59,-15.050305179302182
NATCOPHARM.NS,2026-05-08,2026-05-11,1155.0,2026-05-14,1204.4,End of Data,608663.51,10.0,60866.35,60060.0,52,4.28,2568.8,116966.26999999996,616966.27,723248.59,-14.695129927595152
GAEL.NS,2026-05-08,2026-05-11,174.39,2026-05-12,165.67,Stop Loss,619756.64,10.0,61975.66,61908.45,355,-5.0,-3095.42,113870.84999999996,613870.85,723248.59,-15.123118318142867
E2E.NS,2026-05-08,2026-05-11,3440.0,2026-05-13,3268.0,Stop Loss,622852.64,10.0,62285.26,61920.0,18,-5.0,-3096.0,110774.84999999996,610774.85,723248.59,-15.551186902417605
AVALON.NS,2026-05-08,2026-05-11,1390.0,2026-05-12,1320.5,Stop Loss,625980.14,10.0,62598.01,62550.0,45,-5.0,-3127.5,107647.34999999996,607647.35,723248.59,-15.983610835660253
APOLLOHOSP.NS,2026-05-08,2026-05-11,8046.0,2026-05-14,8119.0,End of Data,625469.14,10.0,62546.91,56322.0,7,0.91,511.0,108158.34999999996,608158.35,723248.59,-15.912957396847466
GOODLUCK.NS,2026-05-08,2026-05-11,1435.6,2026-05-12,1363.82,Stop Loss,616661.22,10.0,61666.12,60295.2,42,-5.0,-3014.76,105143.58999999997,605143.59,723248.59,-16.32979332873639
MCX.NS,2026-05-11,2026-05-12,3200.0,2026-05-14,3339.1,End of Data,605143.59,10.0,60514.36,57600.0,18,4.35,2503.8,107647.38999999997,607647.39,723248.59,-15.983605305058385
RPTECH.NS,2026-05-11,2026-05-12,543.0,2026-05-12,515.85,Stop Loss,607647.39,10.0,60764.74,60273.0,111,-5.0,-3013.65,104633.73999999998,604633.74,723248.59,-16.400287762745585
SHILPAMED.NS,2026-05-11,2026-05-12,459.55,2026-05-12,436.57,Stop Loss,604633.74,10.0,60463.37,60201.05,131,-5.0,-3010.05,101623.68999999997,601623.69,723248.59,-16.816472466265026
TORNTPHARM.NS,2026-05-11,2026-05-12,4509.5,2026-05-13,4284.02,Stop Loss,601623.69,10.0,60162.37,58623.5,13,-5.0,-2931.18,98692.50999999998,598692.51,723248.59,-17.22175220555908
SAIL.NS,2026-05-13,2026-05-14,203.0,2026-05-14,199.08,End of Data,594936.02,10.0,59493.6,59479.0,293,-1.93,-1148.56,97543.94999999998,597543.95,723248.59,-17.38055790748241
CONFIPET.NS,2026-05-13,2026-05-14,64.74,2026-05-14,61.5,Stop Loss,598692.51,10.0,59869.25,59819.76,924,-5.0,-2990.99,94552.95999999998,594552.96,723248.59,-17.794107279213637
HINDCOPPER.NS,2026-05-13,2026-05-14,601.0,2026-05-14,606.45,End of Data,595701.52,10.0,59570.15,59499.0,99,0.91,539.55,95092.50999999998,595092.51,723248.59,-17.719506373320403
HINDZINC.NS,2026-05-13,2026-05-14,674.0,2026-05-14,669.25,End of Data,596241.07,10.0,59624.11,59312.0,88,-0.7,-418.0,94674.50999999998,594674.51,723248.59,-17.777301162799358
OIL.NS,2026-05-13,2026-05-14,525.4,2026-05-14,517.55,End of Data,595823.07,10.0,59582.31,59370.2,113,-1.49,-887.05,93787.45999999998,593787.46,723248.59,-17.899949172386222
TATASTEEL.NS,2026-05-13,2026-05-14,222.3,2026-05-14,221.13,End of Data,593787.46,10.0,59378.75,59354.1,267,-0.53,-312.39,93475.06999999998,593475.07,723248.59,-17.943141790293712
