Symbol,Signal Date,Entry Date,Entry Price,Exit Date,Exit Price,Exit Reason,Return %,Equity at Entry,Shares,PnL,Return on position %
A2ZINFRA.NS,2024-10-15,2024-10-16,18.21,2024-10-17,19.54,CE BUY,-7.3,500000.0,2745,-3650.85,-7.3
AARTISURF.NS,2024-10-18,2024-10-21,760.2,2025-02-10,612.0,RSI cross up,19.49,496349.15,65,9633.0,19.49
5PAISA.NS,2024-10-21,2024-10-22,512.55,2024-12-04,498.35,RSI cross up,2.77,505982.15,98,1391.6,2.77
AARON.NS,2024-10-21,2024-10-22,132.575,2024-11-01,133.075,RSI cross up,-0.38,507373.75,382,-191.0,-0.38
AAATECH.NS,2024-10-21,2024-10-22,127.5,2024-11-08,125.15,RSI cross up,1.84,507182.75,397,932.95,1.84
ABREL.NS,2024-10-22,2024-10-23,2737.5,2024-11-07,2914.25,RSI cross up,-6.46,508115.7,18,-3181.5,-6.46
ABB.NS,2024-10-23,2024-10-24,7775.0,2024-11-28,7520.0,RSI cross up,3.28,504934.2,6,1530.0,3.28
AARVI.NS,2024-10-24,2024-10-25,144.0,2024-10-29,147.3,RSI cross up,-2.29,506464.2,351,-1158.3,-2.29
AARVI.NS,2024-11-11,2024-11-12,144.41,2024-12-03,143.0,RSI cross up,0.98,505305.9,349,492.09,0.98
AARTIPHARM.NS,2024-11-25,2024-11-26,635.75,2024-12-03,659.35,RSI cross up,-3.71,505797.99000000005,79,-1864.4,-3.71
ABMINTLLTD.NS,2024-12-03,2024-12-04,70.87,2024-12-16,73.72,RSI cross up,-4.02,503933.59,711,-2026.35,-4.02
AARTIPHARM.NS,2024-12-05,2024-12-06,642.1,2024-12-27,647.0,RSI cross up,-0.76,501907.24000000005,78,-382.2,-0.76
5PAISA.NS,2024-12-12,2024-12-13,495.0,2025-03-24,355.8,RSI cross up,28.12,501525.04000000004,101,14059.2,28.12
ABMINTLLTD.NS,2024-12-18,2024-12-19,69.34,2025-02-04,67.2,RSI cross up,3.09,515584.24000000005,743,1590.02,3.09
AARTIDRUGS.NS,2024-12-26,2024-12-27,456.0,2025-01-07,462.95,RSI cross up,-1.52,517174.26000000007,113,-785.35,-1.52
3IINFOLTD.NS,2024-12-27,2024-12-30,28.45,2025-01-02,34.57,RSI cross up,-21.51,516388.9100000001,1815,-11107.8,-21.51
AAVAS.NS,2025-01-06,2025-01-07,1698.0,2025-01-08,1699.45,RSI cross up,-0.09,505281.1100000001,29,-42.05,-0.09
ABBOTINDIA.NS,2025-01-10,2025-01-13,28613.0,2025-02-06,27998.8008,CE BUY,2.15,505239.0600000001,1,614.2,2.15
3IINFOLTD.NS,2025-01-10,2025-01-13,27.5,2025-01-17,28.39,RSI cross up,-3.24,505853.2592000001,1839,-1636.71,-3.24
A2ZINFRA.NS,2025-01-10,2025-01-13,22.25,2025-01-16,23.74,RSI cross up,-6.7,504216.5492,2266,-3376.34,-6.7
ABDL.NS,2025-01-13,2025-01-14,389.0,2025-01-16,413.3,RSI cross up,-6.25,500840.20920000004,128,-3110.4,-6.25
AARTECH.NS,2025-01-13,2025-01-14,77.66,2025-04-17,61.7,RSI cross up,20.55,497729.8092,640,10214.4,20.55
A2ZINFRA.NS,2025-01-17,2025-01-20,22.51,2025-05-22,17.03,RSI cross up,24.34,507944.20920000004,2256,12362.88,24.34
3IINFOLTD.NS,2025-01-21,2025-01-22,27.85,2025-01-31,29.48,RSI cross up,-5.85,520307.08920000005,1868,-3044.84,-5.85
ABDL.NS,2025-01-21,2025-01-22,401.0,2025-01-24,409.9,RSI cross up,-2.22,517262.2492,128,-1139.2,-2.22
AARON.NS,2025-01-22,2025-01-23,181.425,2025-02-07,192.35,RSI cross up,-6.02,516123.0492,284,-3102.7,-6.02
AARTIIND.NS,2025-01-28,2025-01-29,412.0,2025-01-30,431.8,RSI cross up,-4.81,513020.3492,124,-2455.2,-4.81
ABFRL.NS,2025-02-05,2025-02-06,284.35,2025-03-26,255.4,RSI cross up,10.18,510565.1492,179,5182.05,10.18
3IINFOLTD.NS,2025-02-12,2025-02-13,27.05,2025-04-22,23.73,RSI cross up,12.27,515747.1992,1906,6327.92,12.27
AARTIIND.NS,2025-02-14,2025-02-17,409.35,2025-02-21,421.0,RSI cross up,-2.85,522075.11919999996,127,-1479.55,-2.85
AARTIIND.NS,2025-03-10,2025-03-11,391.5,2025-03-20,405.0,RSI cross up,-3.45,520595.56919999997,132,-1782.0,-3.45
ABCAPITAL.NS,2025-03-10,2025-03-11,157.31,2025-03-13,163.61,RSI cross up,-4.0,518813.56919999997,329,-2072.7,-4.0
AARTIPHARM.NS,2025-04-04,2025-04-07,585.0,2025-04-16,719.8,CE BUY,-23.04,516740.86919999996,88,-11862.4,-23.04
ABB.NS,2025-04-04,2025-04-07,4684.4502,2025-04-16,5280.0,RSI cross up,-12.71,504878.46919999993,10,-5955.5,-12.71
AARTIIND.NS,2025-04-04,2025-04-07,357.55,2025-04-15,387.9,RSI cross up,-8.49,498922.9711999999,139,-4218.65,-8.49
AAATECH.NS,2025-04-07,2025-04-08,80.0,2025-04-22,78.99,RSI cross up,1.26,494704.3211999999,618,624.18,1.26
AAATECH.NS,2025-04-29,2025-04-30,77.99,2025-05-02,77.04,RSI cross up,1.22,495328.5011999999,635,603.25,1.22
3IINFOLTD.NS,2025-05-08,2025-05-09,21.88,2025-05-12,23.0,RSI cross up,-5.12,495931.7511999999,2266,-2537.92,-5.12
ABMINTLLTD.NS,2025-05-13,2025-05-14,50.9,2025-05-15,50.35,RSI cross up,1.08,493393.8311999999,969,532.95,1.08
AARTECH.NS,2025-05-22,2025-05-23,52.81,2025-05-26,60.2,RSI cross up,-13.99,493926.7811999999,935,-6909.65,-13.99
ABFRL.NS,2025-05-22,2025-05-23,91.0,2025-08-25,81.44,RSI cross up,10.51,487017.1311999999,535,5114.6,10.51
21STCENMGM.NS,2025-05-22,2025-05-23,70.93,2025-05-28,71.55,CE BUY,-0.87,492131.73119999986,693,-429.66,-0.87
21STCENMGM.NS,2025-05-30,2025-06-02,69.6,2025-07-08,61.5,CE BUY,11.64,491702.0711999999,706,5718.6,11.64
AAREYDRUGS.NS,2025-06-04,2025-06-05,50.98,2025-06-06,51.06,RSI cross up,-0.16,497420.67119999987,975,-78.0,-0.16
3MINDIA.NS,2025-06-11,2025-06-12,29495.0,2025-07-08,29270.0,RSI cross up,0.76,497342.67119999987,1,225.0,0.76
ABMINTLLTD.NS,2025-06-13,2025-06-16,48.15,2025-06-18,50.26,RSI cross up,-4.38,497567.67119999987,1033,-2179.63,-4.38
AARTIIND.NS,2025-06-19,2025-06-20,435.35,2025-06-25,456.45,RSI cross up,-4.85,495388.04119999986,113,-2384.3,-4.85
AARTIPHARM.NS,2025-06-19,2025-06-20,846.75,2025-07-01,898.3,RSI cross up,-6.09,493003.7411999999,58,-2989.9,-6.09
ABMINTLLTD.NS,2025-06-20,2025-06-23,45.1,2025-06-24,49.9,RSI cross up,-10.64,490013.84119999985,1086,-5212.8,-10.64
AARTIDRUGS.NS,2025-06-23,2025-06-24,436.0,2025-06-25,439.0,RSI cross up,-0.69,484801.04119999986,111,-333.0,-0.69
AAATECH.NS,2025-06-27,2025-06-30,82.5,2025-07-02,83.98,RSI cross up,-1.79,484468.04119999986,587,-868.76,-1.79
AAATECH.NS,2025-07-03,2025-07-04,83.11,2025-07-08,84.14,RSI cross up,-1.24,483599.28119999985,581,-598.43,-1.24
AAVAS.NS,2025-07-04,2025-07-07,1908.8,2025-07-09,1970.0,RSI cross up,-3.21,483000.85119999986,25,-1530.0,-3.21
3IINFOLTD.NS,2025-07-07,2025-07-08,24.19,2025-07-17,25.74,RSI cross up,-6.41,481470.85119999986,1990,-3084.5,-6.41
ABREL.NS,2025-07-07,2025-07-08,2275.8,2025-09-17,1947.5,RSI cross up,14.43,478386.35119999986,21,6894.3,14.43
AARON.NS,2025-07-07,2025-07-08,187.125,2025-07-18,202.6,RSI cross up,-8.27,485280.65119999985,259,-4008.02,-8.27
3PLAND.NS,2025-07-07,2025-07-08,49.65,2025-07-10,50.83,RSI cross up,-2.38,481272.6261999998,969,-1143.42,-2.38
AAATECH.NS,2025-07-09,2025-07-10,82.46,2025-07-11,82.7,RSI cross up,-0.29,480129.20619999984,582,-139.68,-0.29
AARTIIND.NS,2025-07-10,2025-07-11,448.0,2025-07-17,457.6,RSI cross up,-2.14,479989.52619999985,107,-1027.2,-2.14
20MICRONS.NS,2025-07-11,2025-07-14,224.0,2025-07-17,259.9,RSI cross up,-16.03,478962.32619999984,213,-7646.7,-16.03
AARVI.NS,2025-07-11,2025-07-14,108.95,2025-08-14,134.0,RSI cross up,-22.99,471315.6261999998,432,-10821.6,-22.99
ABB.NS,2025-07-11,2025-07-14,5756.5,2025-07-22,5850.5,RSI cross up,-1.63,460494.02619999985,7,-658.0,-1.63
AAVAS.NS,2025-07-16,2025-07-17,1920.0,2025-09-16,1670.3,CE BUY,13.01,459836.02619999985,23,5743.1,13.01
ABAN.NS,2025-07-17,2025-07-18,50.2,2025-07-22,51.0,RSI cross up,-1.59,465579.1261999998,927,-741.6,-1.59
AARTIIND.NS,2025-07-18,2025-07-21,447.0,2025-10-27,383.0,RSI cross up,14.32,464837.52619999985,103,6592.0,14.32
360ONE.NS,2025-07-22,2025-07-23,1140.0,2025-09-17,1090.7,RSI cross up,4.32,471429.52619999985,41,2021.3,4.32
ABAN.NS,2025-07-23,2025-07-24,50.51,2025-08-21,46.8,RSI cross up,7.35,473450.82619999984,937,3476.27,7.35
ABB.NS,2025-07-23,2025-07-24,5711.0,2025-09-12,5224.0,RSI cross up,8.53,476927.09619999985,8,3896.0,8.53
3IINFOLTD.NS,2025-07-23,2025-07-24,24.13,2025-07-30,24.4,RSI cross up,-1.12,480823.09619999985,1992,-537.84,-1.12
ABCAPITAL.NS,2025-07-25,2025-07-28,259.0,2025-08-05,279.0,RSI cross up,-7.72,480285.2561999998,185,-3700.0,-7.72
AAREYDRUGS.NS,2025-07-28,2025-07-29,63.11,2025-08-01,66.95,RSI cross up,-6.08,476585.2561999998,755,-2899.2,-6.08
AAATECH.NS,2025-07-28,2025-07-29,83.22,2025-07-30,88.5,RSI cross up,-6.34,473686.0561999998,569,-3004.32,-6.34
20MICRONS.NS,2025-07-28,2025-07-29,236.5,2025-07-30,254.3,RSI cross up,-7.53,470681.7361999998,199,-3542.2,-7.53
AARTECH.NS,2025-07-29,2025-07-30,67.01,2025-10-20,59.89,RSI cross up,10.63,467139.5361999998,697,4962.64,10.63
20MICRONS.NS,2025-07-31,2025-08-01,234.41,2025-08-05,244.33,RSI cross up,-4.23,472102.1761999998,201,-1993.92,-4.23
AARTIDRUGS.NS,2025-08-01,2025-08-04,491.9,2025-08-08,506.95,RSI cross up,-3.06,470108.2561999998,95,-1429.75,-3.06
3IINFOLTD.NS,2025-08-01,2025-08-04,23.43,2025-08-25,23.77,RSI cross up,-1.45,468678.5061999998,2000,-680.0,-1.45
AAATECH.NS,2025-08-04,2025-08-05,85.0,2025-08-06,84.28,RSI cross up,0.85,467998.5061999998,550,396.0,0.85
A2ZINFRA.NS,2025-08-04,2025-08-05,20.18,2025-09-02,19.95,RSI cross up,1.14,468394.5061999998,2321,533.83,1.14
ABMINTLLTD.NS,2025-08-05,2025-08-06,55.71,2025-09-04,46.12,CE BUY,17.21,468928.33619999985,841,8065.19,17.21
AARON.NS,2025-08-11,2025-08-12,205.0,2025-08-14,214.825,CE BUY,-4.79,476993.52619999985,232,-2279.4,-4.79
AAATECH.NS,2025-08-11,2025-08-12,84.89,2025-09-25,81.9,RSI cross up,3.52,474714.1261999998,559,1671.41,3.52
AAREYDRUGS.NS,2025-08-11,2025-08-12,65.89,2025-09-03,68.0,RSI cross up,-3.2,476385.5361999998,723,-1525.53,-3.2
AARTIDRUGS.NS,2025-08-19,2025-08-20,490.75,2025-09-10,493.7,RSI cross up,-0.6,474860.00619999977,96,-283.2,-0.6
20MICRONS.NS,2025-08-20,2025-08-21,237.6,2025-12-24,200.8,RSI cross up,15.49,474576.80619999976,199,7323.2,15.49
AARON.NS,2025-08-26,2025-08-28,214.45,2025-10-28,208.45,RSI cross up,2.8,481900.00619999977,224,1344.0,2.8
3IINFOLTD.NS,2025-08-26,2025-08-28,23.06,2025-09-03,23.69,RSI cross up,-2.73,483244.00619999977,2095,-1319.85,-2.73
AADHARHFC.NS,2025-08-28,2025-08-29,497.0,2025-09-03,505.5,RSI cross up,-1.71,481924.1561999998,96,-816.0,-1.71
3IINFOLTD.NS,2025-09-04,2025-09-05,23.19,2025-09-08,23.33,RSI cross up,-0.6,481108.1561999998,2074,-290.36,-0.6
5PAISA.NS,2025-09-10,2025-09-11,366.1,2025-11-19,344.0,RSI cross up,6.04,480817.7961999998,131,2895.1,6.04
AADHARHFC.NS,2025-09-11,2025-09-12,507.5,2025-09-16,523.95,RSI cross up,-3.24,483712.8961999998,95,-1562.75,-3.24
3IINFOLTD.NS,2025-09-22,2025-09-23,23.031,2025-12-23,17.38,RSI cross up,24.54,482150.1461999998,2093,11827.54,24.54
ABAN.NS,2025-09-25,2025-09-26,42.91,2025-10-23,41.6,RSI cross up,3.05,493977.6891999998,1151,1507.81,3.05
AARTIDRUGS.NS,2025-09-26,2025-09-29,478.0,2025-10-08,509.8,RSI cross up,-6.65,495485.4991999998,103,-3275.4,-6.65
ABB.NS,2025-10-08,2025-10-09,5120.0,2025-10-13,5160.0,RSI cross up,-0.78,492210.09919999976,9,-360.0,-0.78
AARVI.NS,2025-10-17,2025-10-20,119.0,2025-10-29,121.0,RSI cross up,-1.68,491850.09919999976,413,-826.0,-1.68
AAATECH.NS,2025-10-17,2025-10-20,84.64,2025-10-23,88.47,RSI cross up,-4.53,491024.09919999976,580,-2221.4,-4.53
AADHARHFC.NS,2025-10-27,2025-10-28,513.45,2026-01-05,504.95,RSI cross up,1.66,488802.69919999974,95,807.5,1.66
AARTIIND.NS,2025-10-28,2025-10-29,377.95,2025-10-30,387.0,RSI cross up,-2.39,489610.19919999974,129,-1167.45,-2.39
ABREL.NS,2025-10-28,2025-10-29,1695.0,2025-10-30,1808.9,RSI cross up,-6.72,488442.74919999973,28,-3189.2,-6.72
3MINDIA.NS,2025-10-28,2025-10-29,29590.0,2025-10-31,29705.0,RSI cross up,-0.39,485253.5491999997,1,-115.0,-0.39
360ONE.NS,2025-10-31,2025-11-03,1088.7,2025-11-20,1128.9,RSI cross up,-3.69,485138.5491999997,44,-1768.8,-3.69
AARVI.NS,2025-10-31,2025-11-03,120.29,2025-11-12,121.0,RSI cross up,-0.59,483369.74919999973,401,-284.71,-0.59
AARTECH.NS,2025-11-03,2025-11-04,55.52,2025-12-26,50.82,RSI cross up,8.47,483085.0391999997,870,4089.0,8.47
ABB.NS,2025-11-07,2025-11-10,4964.0,2025-11-19,5081.5,RSI cross up,-2.37,487174.0391999997,9,-1057.5,-2.37
ABMINTLLTD.NS,2025-11-10,2025-11-11,48.69,2025-11-12,49.01,RSI cross up,-0.66,486116.5391999997,998,-319.36,-0.66
AARTIPHARM.NS,2025-11-10,2025-11-11,759.05,2025-12-16,757.3,CE BUY,0.23,485797.1791999997,64,112.0,0.23
AAATECH.NS,2025-11-11,2025-11-12,88.03,2025-11-14,89.77,RSI cross up,-1.98,485909.1791999997,551,-958.74,-1.98
AARTIDRUGS.NS,2025-11-11,2025-11-12,480.2,2025-12-26,420.05,CE BUY,12.53,484950.43919999973,100,6015.0,12.53
AAVAS.NS,2025-11-11,2025-11-12,1645.0,2025-11-13,1704.0,RSI cross up,-3.59,490965.43919999973,29,-1711.0,-3.59
AARON.NS,2025-11-12,2025-11-13,197.2,2026-02-20,169.85,RSI cross up,13.87,489254.43919999973,248,6782.8,13.87
ABMINTLLTD.NS,2025-11-13,2025-11-14,44.71,2025-11-19,48.95,RSI cross up,-9.48,496037.2391999997,1109,-4702.16,-9.48
AARTISURF.NS,2025-11-14,2025-11-17,463.0,2026-01-21,479.0,RSI cross up,-3.46,491335.07919999975,106,-1696.0,-3.46
AAREYDRUGS.NS,2025-11-21,2025-11-24,88.1,2026-01-30,69.77,CE BUY,20.81,489639.07919999975,555,10173.15,20.81
AAATECH.NS,2025-11-21,2025-11-24,89.65,2025-11-26,89.6,RSI cross up,0.06,499812.22919999977,557,27.85,0.06
ABB.NS,2025-11-24,2025-11-25,5042.5,2025-11-26,5070.5,RSI cross up,-0.56,499840.0791999998,9,-252.0,-0.56
ABREL.NS,2025-11-24,2025-11-25,1715.8,2025-11-26,1735.0,RSI cross up,-1.12,499588.0791999998,29,-556.8,-1.12
AARTIIND.NS,2025-11-24,2025-11-25,380.7,2025-11-28,383.0,RSI cross up,-0.6,499031.2791999998,131,-301.3,-0.6
AAVAS.NS,2025-11-25,2025-11-26,1631.6,2026-01-27,1474.9,RSI cross up,9.6,498729.9791999998,30,4701.0,9.6
ABMINTLLTD.NS,2025-11-27,2025-11-28,46.89,2026-02-04,35.68,RSI cross up,23.91,503430.9791999998,1073,12028.33,23.91
ABBOTINDIA.NS,2025-11-27,2025-11-28,29440.0,2025-12-01,30200.0,RSI cross up,-2.58,515459.30919999984,1,-760.0,-2.58
ABDL.NS,2025-12-01,2025-12-02,622.0,2026-02-03,505.0,CE BUY,18.81,514699.3091999998,82,9594.0,18.81
AARTIIND.NS,2025-12-02,2025-12-03,377.5,2025-12-16,374.0,RSI cross up,0.93,524293.3091999998,138,483.0,0.93
AARVI.NS,2025-12-03,2025-12-04,126.5,2025-12-23,128.81,RSI cross up,-1.83,524776.3091999998,414,-956.34,-1.83
63MOONS.NS,2025-12-05,2025-12-08,812.0,2026-02-10,714.7,RSI cross up,11.98,523819.96919999976,64,6227.2,11.98
ABREL.NS,2025-12-08,2025-12-09,1659.9,2025-12-16,1701.1,RSI cross up,-2.48,530047.1691999998,31,-1277.2,-2.48
5PAISA.NS,2025-12-08,2025-12-09,299.65,2025-12-16,318.0,RSI cross up,-6.12,528769.9691999998,176,-3229.6,-6.12
360ONE.NS,2025-12-17,2025-12-18,1137.2,2025-12-19,1142.0,RSI cross up,-0.42,525540.3691999998,46,-220.8,-0.42
AARTIIND.NS,2025-12-17,2025-12-18,366.0,2025-12-22,370.2,RSI cross up,-1.15,525319.5691999998,143,-600.6,-1.15
5PAISA.NS,2025-12-17,2025-12-18,307.6,2025-12-22,310.8,RSI cross up,-1.04,524718.9691999998,170,-544.0,-1.04
ABREL.NS,2025-12-24,2025-12-26,1704.5,2026-01-06,1702.0,RSI cross up,0.15,524174.9691999998,30,75.0,0.15
ABBOTINDIA.NS,2025-12-30,2025-12-31,28820.0,2026-01-01,28860.0,RSI cross up,-0.14,524249.9691999998,1,-40.0,-0.14
ABB.NS,2026-01-08,2026-01-09,5050.0,2026-01-12,5075.0,RSI cross up,-0.5,524209.9691999998,10,-250.0,-0.5
20MICRONS.NS,2026-01-09,2026-01-12,194.94,2026-02-10,183.87,RSI cross up,5.68,523959.9691999998,268,2966.76,5.68
AARTIIND.NS,2026-01-09,2026-01-12,361.65,2026-02-02,366.0,RSI cross up,-1.2,526926.7291999998,145,-630.75,-1.2
21STCENMGM.NS,2026-01-14,2026-01-16,43.76,2026-02-09,41.11,CE BUY,6.06,526295.9791999998,1202,3185.3,6.06
ABFRL.NS,2026-01-16,2026-01-19,71.0,2026-02-05,69.5,RSI cross up,2.11,529481.2791999999,745,1117.5,2.11
3MINDIA.NS,2026-01-16,2026-01-19,34850.0,2026-02-05,35765.0,RSI cross up,-2.63,530598.7791999999,1,-915.0,-2.63
AARTECH.NS,2026-01-20,2026-01-21,49.1,2026-02-10,50.45,RSI cross up,-2.75,529683.7791999999,1078,-1455.3,-2.75
5PAISA.NS,2026-01-23,2026-01-27,340.55,2026-01-28,343.4,RSI cross up,-0.84,528228.4791999998,155,-441.75,-0.84
AAATECH.NS,2026-01-23,2026-01-27,103.5,2026-02-12,107.49,RSI cross up,-3.86,527786.7291999998,509,-2030.91,-3.86
AADHARHFC.NS,2026-02-02,2026-02-03,485.0,2026-02-27,475.05,CE BUY,2.05,525755.8191999998,108,1074.6,2.05
5PAISA.NS,2026-02-02,2026-02-03,339.8,2026-02-05,338.1,RSI cross up,0.5,526830.4191999998,155,263.5,0.5
360ONE.NS,2026-02-05,2026-02-06,1132.0,2026-02-11,1163.1,RSI cross up,-2.75,527093.9191999998,46,-1430.6,-2.75
5PAISA.NS,2026-02-11,2026-02-12,333.0,2026-04-08,304.2,CE BUY,8.65,525663.3191999998,157,4521.6,8.65
A2ZINFRA.NS,2026-02-13,2026-02-16,15.25,2026-02-17,14.89,RSI cross up,2.36,530184.9191999998,3476,1251.36,2.36
AARTECH.NS,2026-02-13,2026-02-16,48.3,2026-03-19,46.79,RSI cross up,3.13,531436.2791999998,1100,1661.0,3.13
AAREYDRUGS.NS,2026-02-13,2026-02-16,66.65,2026-02-19,71.0,RSI cross up,-6.53,533097.2791999998,799,-3475.65,-6.53
AARVI.NS,2026-02-13,2026-02-16,128.0,2026-02-17,132.51,RSI cross up,-3.52,529621.6291999997,413,-1862.63,-3.52
AAATECH.NS,2026-02-17,2026-02-18,104.49,2026-02-20,102.0,RSI cross up,2.38,527758.9991999997,505,1257.45,2.38
3IINFOLTD.NS,2026-02-18,2026-02-19,14.55,2026-03-23,14.15,RSI cross up,2.75,529016.4491999997,3635,1454.0,2.75
ABAN.NS,2026-02-19,2026-02-20,20.99,2026-03-05,20.88,RSI cross up,0.52,530470.4491999997,2527,277.97,0.52
3PLAND.NS,2026-02-19,2026-02-20,34.0,2026-04-02,31.5,RSI cross up,7.35,530748.4191999997,1561,3902.5,7.35
AARVI.NS,2026-02-19,2026-02-20,130.72,2026-03-02,125.0,RSI cross up,4.38,534650.9191999997,409,2339.48,4.38
AARON.NS,2026-02-23,2026-02-24,164.08,2026-04-06,143.0,CE BUY,12.85,536990.3991999996,327,6893.16,12.85
A2ZINFRA.NS,2026-02-23,2026-02-24,14.35,2026-02-25,17.51,RSI cross up,-22.02,543883.5591999997,3790,-11976.4,-22.02
AAATECH.NS,2026-02-24,2026-02-25,102.3,2026-02-27,105.97,RSI cross up,-3.59,531907.1591999996,519,-1904.73,-3.59
ABMINTLLTD.NS,2026-02-27,2026-03-02,40.18,2026-03-09,41.34,RSI cross up,-2.89,530002.4291999997,1319,-1530.04,-2.89
AARTISURF.NS,2026-03-02,2026-03-04,380.0,2026-04-06,360.3,RSI cross up,5.18,528472.3891999996,139,2738.3,5.18
AAREYDRUGS.NS,2026-03-02,2026-03-04,68.0,2026-03-06,72.41,RSI cross up,-6.49,531210.6891999997,781,-3444.21,-6.49
ABFRL.NS,2026-03-04,2026-03-05,64.09,2026-04-02,56.35,RSI cross up,12.08,527766.4791999997,823,6370.02,12.08
AARTIIND.NS,2026-03-09,2026-03-10,413.65,2026-03-11,426.05,RSI cross up,-3.0,534136.4991999997,129,-1599.6,-3.0
AARVI.NS,2026-03-09,2026-03-10,127.81,2026-03-11,136.4,RSI cross up,-6.72,532536.8991999998,416,-3573.44,-6.72
ABBOTINDIA.NS,2026-03-12,2026-03-13,26430.0,2026-03-16,27045.0,RSI cross up,-2.33,528963.4591999998,2,-1230.0,-2.33
AARVI.NS,2026-03-12,2026-03-13,127.08,2026-03-19,129.11,RSI cross up,-1.6,527733.4591999998,415,-842.45,-1.6
A2ZINFRA.NS,2026-03-16,2026-03-17,15.16,2026-03-18,15.22,RSI cross up,-0.4,526891.0091999999,3475,-208.5,-0.4
AAREYDRUGS.NS,2026-03-19,2026-03-20,68.4,2026-04-10,67.78,RSI cross up,0.91,526682.5091999999,770,477.4,0.91
AARTIIND.NS,2026-03-19,2026-03-20,415.2,2026-03-23,420.95,RSI cross up,-1.38,527159.9091999999,126,-724.5,-1.38
ABBOTINDIA.NS,2026-03-23,2026-03-24,25690.0,2026-03-25,26860.0,RSI cross up,-4.55,526435.4091999999,2,-2340.0,-4.55
AARVI.NS,2026-03-23,2026-03-24,127.0,2026-04-09,128.15,RSI cross up,-0.91,524095.4091999999,412,-473.8,-0.91
AARTIIND.NS,2026-03-27,2026-03-30,413.5,2026-04-09,421.6,RSI cross up,-1.96,523621.6091999999,126,-1020.6,-1.96
AADHARHFC.NS,2026-03-27,2026-03-30,442.6,2026-04-09,469.6,RSI cross up,-6.1,522601.0091999999,118,-3186.0,-6.1
ABMINTLLTD.NS,2026-03-30,2026-04-01,42.0,2026-04-06,43.68,RSI cross up,-4.0,519415.0091999999,1236,-2076.48,-4.0
ABB.NS,2026-03-30,2026-04-01,6180.0,2026-04-02,6021.5,RSI cross up,2.56,517338.52919999993,8,1268.0,2.56
ABBOTINDIA.NS,2026-04-02,2026-04-06,26285.0,2026-05-07,26550.0,RSI cross up,-1.01,518606.52919999993,1,-265.0,-1.01
AARVI.NS,2026-04-13,2026-04-15,127.89,2026-04-20,135.05,RSI cross up,-5.6,518341.52919999993,405,-2899.8,-5.6
ABMINTLLTD.NS,2026-04-24,2026-04-27,45.36,2026-05-15,45.83,CE BUY,-1.04,515441.72919999994,1136,-533.92,-1.04
AAATECH.NS,2026-05-11,2026-05-12,99.5,2026-05-13,99.07,RSI cross up,0.43,514907.80919999996,517,222.31,0.43
AARTECH.NS,2026-05-11,2026-05-12,42.31,2026-05-15,40.09,End of data,5.25,515130.11919999996,1217,2701.74,5.25
ABB.NS,2026-05-11,2026-05-12,6360.0,2026-05-15,6381.0,End of data,-0.33,517831.85919999995,8,-168.0,-0.33
ABCAPITAL.NS,2026-05-12,2026-05-13,340.0,2026-05-15,357.15,End of data,-5.04,517663.85919999995,152,-2606.8,-5.04
5PAISA.NS,2026-05-12,2026-05-13,309.0,2026-05-15,303.75,End of data,1.7,515057.05919999996,166,871.5,1.7
ABREL.NS,2026-05-13,2026-05-14,1313.6,2026-05-15,1310.0,RSI cross up,0.27,515928.55919999996,39,140.4,0.27
